arquivo,configuracao,threads,iteracao,tempo_segundos,valido
entradas/pequena.txt,seq,1,1,0.002029392,SIM
entradas/pequena.txt,seq,1,2,0.002372493,SIM
entradas/pequena.txt,seq,1,3,0.001695546,SIM
entradas/pequena.txt,seq,1,4,0.003253722,SIM
entradas/pequena.txt,seq,1,5,0.002278966,SIM
entradas/pequena.txt,seq,1,6,0.001653497,SIM
entradas/pequena.txt,seq,1,7,0.001493193,SIM
entradas/pequena.txt,seq,1,8,0.001662356,SIM
entradas/pequena.txt,seq,1,9,0.002393054,SIM
entradas/pequena.txt,seq,1,10,0.002134626,SIM
entradas/pequena.txt,2,2,1,0.001815538,SIM
entradas/pequena.txt,2,2,2,0.002926037,SIM
entradas/pequena.txt,2,2,3,0.002461958,SIM
entradas/pequena.txt,2,2,4,0.001353219,SIM
entradas/pequena.txt,2,2,5,0.002762411,SIM
entradas/pequena.txt,2,2,6,0.001945906,SIM
entradas/pequena.txt,2,2,7,0.003483483,SIM
entradas/pequena.txt,2,2,8,0.002333376,SIM
entradas/pequena.txt,2,2,9,0.002992313,SIM
entradas/pequena.txt,2,2,10,0.001577431,SIM
entradas/pequena.txt,4,4,1,0.001806252,SIM
entradas/pequena.txt,4,4,2,0.002041121,SIM
entradas/pequena.txt,4,4,3,0.001484593,SIM
entradas/pequena.txt,4,4,4,0.001714831,SIM
entradas/pequena.txt,4,4,5,0.002052099,SIM
entradas/pequena.txt,4,4,6,0.002638772,SIM
entradas/pequena.txt,4,4,7,0.001647080,SIM
entradas/pequena.txt,4,4,8,0.001264099,SIM
entradas/pequena.txt,4,4,9,0.002194537,SIM
entradas/pequena.txt,4,4,10,0.003286808,SIM
entradas/pequena.txt,8,8,1,0.002782581,SIM
entradas/pequena.txt,8,8,2,0.001582455,SIM
entradas/pequena.txt,8,8,3,0.003298114,SIM
entradas/pequena.txt,8,8,4,0.003865943,SIM
entradas/pequena.txt,8,8,5,0.002796319,SIM
entradas/pequena.txt,8,8,6,0.002649409,SIM
entradas/pequena.txt,8,8,7,0.003249517,SIM
entradas/pequena.txt,8,8,8,0.001539727,SIM
entradas/pequena.txt,8,8,9,0.002016975,SIM
entradas/pequena.txt,8,8,10,0.003128358,SIM
entradas/pequena.txt,max,10,1,0.004064828,SIM
entradas/pequena.txt,max,10,2,0.002557471,SIM
entradas/pequena.txt,max,10,3,0.002240069,SIM
entradas/pequena.txt,max,10,4,0.001933964,SIM
entradas/pequena.txt,max,10,5,0.002327638,SIM
entradas/pequena.txt,max,10,6,0.003256919,SIM
entradas/pequena.txt,max,10,7,0.002273115,SIM
entradas/pequena.txt,max,10,8,0.003030747,SIM
entradas/pequena.txt,max,10,9,0.002010099,SIM
entradas/pequena.txt,max,10,10,0.002055353,SIM
entradas/media.txt,seq,1,1,0.014281249,SIM
entradas/media.txt,seq,1,2,0.013150465,SIM
entradas/media.txt,seq,1,3,0.025111428,SIM
entradas/media.txt,seq,1,4,0.019130313,SIM
entradas/media.txt,seq,1,5,0.025699392,SIM
entradas/media.txt,seq,1,6,0.020201874,SIM
entradas/media.txt,seq,1,7,0.021145107,SIM
entradas/media.txt,seq,1,8,0.028543432,SIM
entradas/media.txt,seq,1,9,0.021434858,SIM
entradas/media.txt,seq,1,10,0.013353370,SIM
entradas/media.txt,2,2,1,0.011495601,SIM
entradas/media.txt,2,2,2,0.012973015,SIM
entradas/media.txt,2,2,3,0.013588264,SIM
entradas/media.txt,2,2,4,0.017198255,SIM
entradas/media.txt,2,2,5,0.009032928,SIM
entradas/media.txt,2,2,6,0.007098264,SIM
entradas/media.txt,2,2,7,0.011134695,SIM
entradas/media.txt,2,2,8,0.015506195,SIM
entradas/media.txt,2,2,9,0.014569980,SIM
entradas/media.txt,2,2,10,0.008893782,SIM
entradas/media.txt,4,4,1,0.011477965,SIM
entradas/media.txt,4,4,2,0.010857877,SIM
entradas/media.txt,4,4,3,0.012042281,SIM
entradas/media.txt,4,4,4,0.014421354,SIM
entradas/media.txt,4,4,5,0.015047840,SIM
entradas/media.txt,4,4,6,0.011127450,SIM
entradas/media.txt,4,4,7,0.016446521,SIM
entradas/media.txt,4,4,8,0.013558426,SIM
entradas/media.txt,4,4,9,0.011357947,SIM
entradas/media.txt,4,4,10,0.006992372,SIM
entradas/media.txt,8,8,1,0.022210145,SIM
entradas/media.txt,8,8,2,0.016852089,SIM
entradas/media.txt,8,8,3,0.011619866,SIM
entradas/media.txt,8,8,4,0.019384289,SIM
entradas/media.txt,8,8,5,0.016624520,SIM
entradas/media.txt,8,8,6,0.018015531,SIM
entradas/media.txt,8,8,7,0.013732473,SIM
entradas/media.txt,8,8,8,0.014875289,SIM
entradas/media.txt,8,8,9,0.012771301,SIM
entradas/media.txt,8,8,10,0.011765209,SIM
entradas/media.txt,max,10,1,0.018868230,SIM
entradas/media.txt,max,10,2,0.019847926,SIM
entradas/media.txt,max,10,3,0.012158171,SIM
entradas/media.txt,max,10,4,0.013089166,SIM
entradas/media.txt,max,10,5,0.020963393,SIM
entradas/media.txt,max,10,6,0.020367619,SIM
entradas/media.txt,max,10,7,0.013832519,SIM
entradas/media.txt,max,10,8,0.027468040,SIM
entradas/media.txt,max,10,9,0.016215112,SIM
entradas/media.txt,max,10,10,0.019667081,SIM
entradas/grande.txt,seq,1,1,0.118489585,SIM
entradas/grande.txt,seq,1,2,0.134550736,SIM
entradas/grande.txt,seq,1,3,0.130062077,SIM
entradas/grande.txt,seq,1,4,0.120043963,SIM
entradas/grande.txt,seq,1,5,0.138395001,SIM
entradas/grande.txt,seq,1,6,0.114175369,SIM
entradas/grande.txt,seq,1,7,0.127174086,SIM
entradas/grande.txt,seq,1,8,0.132095232,SIM
entradas/grande.txt,seq,1,9,0.111355252,SIM
entradas/grande.txt,seq,1,10,0.106915443,SIM
entradas/grande.txt,2,2,1,0.076143355,SIM
entradas/grande.txt,2,2,2,0.099821242,SIM
entradas/grande.txt,2,2,3,0.101532316,SIM
entradas/grande.txt,2,2,4,0.083045584,SIM
entradas/grande.txt,2,2,5,0.065234450,SIM
entradas/grande.txt,2,2,6,0.090488798,SIM
entradas/grande.txt,2,2,7,0.086353068,SIM
entradas/grande.txt,2,2,8,0.054482396,SIM
entradas/grande.txt,2,2,9,0.055988401,SIM
entradas/grande.txt,2,2,10,0.078949340,SIM
entradas/grande.txt,4,4,1,0.054232222,SIM
entradas/grande.txt,4,4,2,0.064591813,SIM
entradas/grande.txt,4,4,3,0.079745485,SIM
entradas/grande.txt,4,4,4,0.069988013,SIM
entradas/grande.txt,4,4,5,0.068316588,SIM
entradas/grande.txt,4,4,6,0.064374633,SIM
entradas/grande.txt,4,4,7,0.063830446,SIM
entradas/grande.txt,4,4,8,0.075573206,SIM
entradas/grande.txt,4,4,9,0.065757136,SIM
entradas/grande.txt,4,4,10,0.063562776,SIM
entradas/grande.txt,8,8,1,0.069236682,SIM
entradas/grande.txt,8,8,2,0.078000891,SIM
entradas/grande.txt,8,8,3,0.072054390,SIM
entradas/grande.txt,8,8,4,0.090772698,SIM
entradas/grande.txt,8,8,5,0.066743020,SIM
entradas/grande.txt,8,8,6,0.071075339,SIM
entradas/grande.txt,8,8,7,0.076498877,SIM
entradas/grande.txt,8,8,8,0.070827621,SIM
entradas/grande.txt,8,8,9,0.066489607,SIM
entradas/grande.txt,8,8,10,0.064394109,SIM
entradas/grande.txt,max,10,1,0.072041273,SIM
entradas/grande.txt,max,10,2,0.050247306,SIM
entradas/grande.txt,max,10,3,0.062429779,SIM
entradas/grande.txt,max,10,4,0.080197335,SIM
entradas/grande.txt,max,10,5,0.065426708,SIM
entradas/grande.txt,max,10,6,0.094622783,SIM
entradas/grande.txt,max,10,7,0.079404763,SIM
entradas/grande.txt,max,10,8,0.106955714,SIM
entradas/grande.txt,max,10,9,0.074897962,SIM
entradas/grande.txt,max,10,10,0.072238631,SIM
